timestamp,aktion,pair_id,frage,anteile,preis,betrag,kasse_danach,notiz
2026-10-07T17:30:18.239410+02:00,KAUF,polymarket:5380722__kalshi:KXNFLTD-26OCT11MINNO-NODVELE14-2,[polymarket] Devaughn Vele: 2+ Touchdowns  <->  [kalshi] Devaughn Vele: 2+ touchdowns,11.3934,0.535,-6.1255,9993.8745,"Spread 45.50% nach geschaetzten Gebuehren, Edge-Limit 11 Anteile, Beine: polymarket/no + kalshi/yes"
2026-10-07T17:30:18.239410+02:00,KAUF,polymarket:5380729__kalshi:KXNFLTD-26OCT11MINNO-NOKMILLER5-2,[polymarket] Kendre Miller: 2+ Touchdowns  <->  [kalshi] Kendre Miller: 2+ touchdowns,11.3934,0.535,-6.1255,9987.7491,"Spread 45.50% nach geschaetzten Gebuehren, Edge-Limit 11 Anteile, Beine: polymarket/no + kalshi/yes"
2026-10-07T17:30:18.239410+02:00,KAUF,polymarket:5380732__kalshi:KXNFLTD-26OCT11MINNO-MINKMURRAY1-2,[polymarket] Kyler Murray: 2+ Touchdowns  <->  [kalshi] Kyler Murray: 2+ touchdowns,11.3934,0.535,-6.1255,9981.6236,"Spread 45.50% nach geschaetzten Gebuehren, Edge-Limit 11 Anteile, Beine: polymarket/no + kalshi/yes"
2026-10-07T17:30:18.239410+02:00,KAUF,polymarket:5380046__kalshi:KXNFLTD-26OCT11MINNO-MINJADDISON3-2,[polymarket] Jordan Addison: 2+ Touchdowns  <->  [kalshi] Jordan Addison: 2+ touchdowns,11.1424,0.545,-6.1026,9975.521,"Spread 44.50% nach geschaetzten Gebuehren, Edge-Limit 11 Anteile, Beine: polymarket/no + kalshi/yes"
2026-10-07T17:30:18.239410+02:00,KAUF,polymarket:5380716__kalshi:KXNFLTD-26OCT11MINNO-NOCDONALDSON43-2,[polymarket] CJ Donaldson: 2+ Touchdowns  <->  [kalshi] CJ Donaldson: 2+ touchdowns,11.1423,0.545,-6.1026,9969.4185,"Spread 44.50% nach geschaetzten Gebuehren, Edge-Limit 11 Anteile, Beine: polymarket/no + kalshi/yes"
2026-10-07T17:30:18.239410+02:00,KAUF,polymarket:5380727__kalshi:KXNFLTD-26OCT11MINNO-NOJJOHNSON83-2,[polymarket] Juwan Johnson: 2+ Touchdowns  <->  [kalshi] Juwan Johnson: 2+ touchdowns,11.1424,0.545,-6.1026,9963.3159,"Spread 44.50% nach geschaetzten Gebuehren, Edge-Limit 11 Anteile, Beine: polymarket/no + kalshi/yes"
2026-10-07T17:30:18.239410+02:00,KAUF,polymarket:5380737__kalshi:KXNFLTD-26OCT11MINNO-MINTHOCKENSON87-2,[polymarket] T.J. Hockenson: 2+ Touchdowns  <->  [kalshi] T.J. Hockenson: 2+ touchdowns,10.8404,0.555,-6.0564,9957.2594,"Spread 43.50% nach geschaetzten Gebuehren, Edge-Limit 11 Anteile, Beine: polymarket/no + kalshi/yes"
2026-10-07T17:30:18.239410+02:00,KAUF,polymarket:5380714__kalshi:KXNFLTD-26OCT11MINNO-NOCOLAVE12-2,[polymarket] Chris Olave: 2+ Touchdowns  <->  [kalshi] Chris Olave: 2+ touchdowns,10.6405,0.565,-6.0619,9951.1975,"Spread 42.50% nach geschaetzten Gebuehren, Edge-Limit 11 Anteile, Beine: polymarket/no + kalshi/yes"
2026-10-07T17:30:18.239410+02:00,KAUF,polymarket:5380741__kalshi:KXNFLTD-26OCT11MINNO-NOTSHOUGH6-2,[polymarket] Tyler Shough: 2+ Touchdowns  <->  [kalshi] Tyler Shough: 2+ touchdowns,10.6405,0.565,-6.0619,9945.1356,"Spread 42.50% nach geschaetzten Gebuehren, Edge-Limit 11 Anteile, Beine: polymarket/no + kalshi/yes"
2026-10-07T17:30:18.239410+02:00,KAUF,polymarket:5380044__kalshi:KXNFLTD-26OCT11MINNO-NOAKAMARA41-2,[polymarket] Alvin Kamara: 2+ Touchdowns  <->  [kalshi] Alvin Kamara: 2+ touchdowns,10.3895,0.575,-6.024,9939.1117,"Spread 41.50% nach geschaetzten Gebuehren, Edge-Limit 10 Anteile, Beine: polymarket/no + kalshi/yes"
2026-10-08T02:45:47.606633+02:00,KAUF,polymarket:5408416__kalshi:KXNFLFIRSTTD-26OCT11HOUTEN-HOUJWAYNE17,[polymarket] Will Jared Wayne score the first touchdown?  <->  [kalshi] Jared Wayne: 1st Touchdown,97.5255,0.54,-52.8038,9886.3079,"Spread 45.00% nach geschaetzten Gebuehren, Edge-Limit 98 Anteile, Beine: polymarket/no + kalshi/yes"
2026-10-08T02:45:47.606633+02:00,KAUF,polymarket:5408412__kalshi:KXNFLFIRSTTD-26OCT11HOUTEN-HOUFMOREAU87,[polymarket] Will Foster Moreau score the first touchdown?  <->  [kalshi] Foster Moreau: 1st Touchdown,39.9257,0.555,-22.2687,9864.0391,"Spread 43.50% nach geschaetzten Gebuehren, Edge-Limit 40 Anteile, Beine: polymarket/no + kalshi/yes"
2026-10-08T02:45:47.606633+02:00,KAUF,polymarket:5152046__kalshi:KXMLSBTTS-26OCT14TORORL-BTTS,[polymarket] CA Gimnasia y Esgrima de Mendoza vs. CA Newell's Old Boys: Both Teams to Score  <->  [kalshi] Both Teams To Score,32.2581,0.81,-26.619,9837.4201,"Spread 17.00% nach geschaetzten Gebuehren, Edge-Limit 32 Anteile, Beine: polymarket/yes + kalshi/no"
2026-10-08T02:45:47.606633+02:00,KAUF,polymarket:5297567__kalshi:KXMLSBTTS-26OCT14TORORL-BTTS,[polymarket] Real Sociedad de Fútbol B vs. UD Almería: Both Teams to Score  <->  [kalshi] Both Teams To Score,32.2581,0.815,-26.7803,9810.6398,"Spread 16.50% nach geschaetzten Gebuehren, Edge-Limit 32 Anteile, Beine: polymarket/yes + kalshi/no"
