timestamp,aktion,market_id,frage,anteile,preis,betrag,kasse_danach,notiz
2026-09-28T09:52:55.524283+02:00,KAUF,5055878,Game 1: Both Teams Slay a Dragon?,2.0101,0.995,-2.0,98.0,"Spread 0.50%, Liquiditaet 3 USD"
2026-09-28T09:52:55.524283+02:00,KAUF,4622511,Seychelles vs. Sri Lanka: Both Teams to Score in Second Half,2.0101,0.995,-2.0,96.0,"Spread 0.50%, Liquiditaet 62 USD"
2026-09-28T09:52:55.524283+02:00,KAUF,5030938,Exact Score: Danubio FC 5 - 0 Cerro Largo FC?,2.0202,0.99,-2.0,94.0,"Spread 1.00%, Liquiditaet 20 USD"
2026-09-28T09:52:55.524283+02:00,KAUF,4721382,Bosnia and Herzegovina vs. Sweden: Both Teams to Score,2.0101,0.995,-2.0,92.0,"Spread 0.50%, Liquiditaet 98 USD"
2026-09-28T09:52:55.524283+02:00,KAUF,5060495,Rhyne Howard: Points O/U 19.5,2.0101,0.995,-2.0,90.0,"Spread 0.50%, Liquiditaet 2 USD"
2026-09-28T09:52:55.524283+02:00,KAUF,4691035,Seattle Sounders FC vs. Sporting Kansas City: Both Teams to Score in Second Half,2.0101,0.995,-2.0,88.0,"Spread 0.50%, Liquiditaet 10 USD"
2026-09-28T09:52:55.524283+02:00,KAUF,4720783,Exact Score: Faroe Islands 1 - 1 Slovakia?,2.0101,0.995,-2.0,86.0,"Spread 0.50%, Liquiditaet 13 USD"
2026-09-28T09:52:55.524283+02:00,KAUF,4880340,Exact Score: Forres Mechanics FC 3 - 3 Stirling University FC?,2.0101,0.995,-2.0,84.0,"Spread 0.50%, Liquiditaet 9 USD"
2026-09-28T09:52:55.524283+02:00,KAUF,4846915,Salisbury FC to win the second half?,2.0101,0.995,-2.0,82.0,"Spread 0.50%, Liquiditaet 3 USD"
2026-09-28T09:52:55.524283+02:00,KAUF,4844770,Will Nihal Sarin finish in the Top 5 of Titled Tuesday on September 29?,2.0202,0.99,-2.0,80.0,"Spread 1.00%, Liquiditaet 40 USD"
2026-09-28T09:52:55.524283+02:00,KAUF,4844826,Will Jan-Krzysztof Duda finish in the Top 8 of Titled Tuesday on September 29?,2.0202,0.99,-2.0,78.0,"Spread 1.00%, Liquiditaet 40 USD"
2026-09-28T09:52:55.524283+02:00,KAUF,4835576,Exact Score: Northern Ireland 3 - 3 Georgia?,2.0101,0.995,-2.0,76.0,"Spread 0.50%, Liquiditaet 13 USD"
2026-09-28T09:52:55.524283+02:00,KAUF,4924361,Exact Margin: Tie,2.0101,0.995,-2.0,74.0,"Spread 0.50%, Liquiditaet 0 USD"
2026-09-28T09:52:55.524283+02:00,KAUF,5026501,FC Halifax Town vs. Gateshead FC: Both Teams to Score,2.0101,0.995,-2.0,72.0,"Spread 0.50%, Liquiditaet 99 USD"
2026-09-28T09:52:55.524283+02:00,KAUF,4955875,Exact Score: Fortaleza FC 4 - 4 Millonarios FC?,2.0101,0.995,-2.0,70.0,"Spread 0.50%, Liquiditaet 12 USD"
2026-09-28T09:52:55.524283+02:00,KAUF,4956121,Exact Score: Fluminense FC 1 - 4 Coritiba FBC?,2.0101,0.995,-2.0,68.0,"Spread 0.50%, Liquiditaet 11 USD"
2026-09-28T09:52:55.524283+02:00,KAUF,4955835,Exact Score: FC Corvinul 1921 Hunedoara 4 - 4 FC Voluntari?,2.0101,0.995,-2.0,66.0,"Spread 0.50%, Liquiditaet 14 USD"
2026-09-28T09:52:55.524283+02:00,KAUF,5065502,RC Deportivo A Coruña to win the second half?,2.0101,0.995,-2.0,64.0,"Spread 0.50%, Liquiditaet 36 USD"
2026-09-28T09:52:55.524283+02:00,KAUF,3207541,FC Universitatea Cluj to win the second half?,2.0101,0.995,-2.0,62.0,"Spread 0.50%, Liquiditaet 6 USD"
2026-09-28T09:52:55.524283+02:00,KAUF,5042951,Exact Score: CA Aldosivi 4 - 0 CA Sarmiento?,2.0101,0.995,-2.0,60.0,"Spread 0.50%, Liquiditaet 12 USD"
2026-09-28T09:52:55.524283+02:00,KAUF,4991343,Exact Score: CD Garcilaso 5 - 3 CS Huancayo?,2.0101,0.995,-2.0,58.0,"Spread 0.50%, Liquiditaet 12 USD"
2026-09-28T09:52:55.524283+02:00,KAUF,5018628,Exact Score: Leicester City FC 3 - 1 Peterborough United FC?,2.0101,0.995,-2.0,56.0,"Spread 0.50%, Liquiditaet 16 USD"
2026-09-28T09:52:55.524283+02:00,KAUF,5000020,Exact Score: Ventforet Kōfu 4 - 1 Tochigi City FC?,2.0101,0.995,-2.0,54.0,"Spread 0.50%, Liquiditaet 13 USD"
2026-09-28T09:52:55.524283+02:00,KAUF,4283651,CSD Municipal leading at halftime?,2.0101,0.995,-2.0,52.0,"Spread 0.50%, Liquiditaet 5 USD"
2026-09-28T09:52:55.524283+02:00,KAUF,4844667,Will Magnus Carlsen finish in the Top 3 of Titled Tuesday on September 29?,2.0101,0.995,-2.0,50.0,"Spread 0.50%, Liquiditaet 63 USD"
2026-09-28T09:52:55.524283+02:00,KAUF,5027338,Exact Score: FC Košice 3 - 2 KFC Komárno?,2.0101,0.995,-2.0,48.0,"Spread 0.50%, Liquiditaet 15 USD"
2026-09-28T09:52:55.524283+02:00,KAUF,5021133,Exact Score: Heart of Midlothian FC 3 - 2 St Mirren FC?,2.0101,0.995,-2.0,46.0,"Spread 0.50%, Liquiditaet 14 USD"
2026-09-28T09:52:55.524283+02:00,KAUF,4995287,Exact Score: FC Goa 5 - 0 Chennaiyin FC?,2.0101,0.995,-2.0,44.0,"Spread 0.50%, Liquiditaet 14 USD"
2026-09-28T09:52:55.524283+02:00,KAUF,5043944,Exact Score: Académico de Viseu FC 3 - 1 Estoril Praia?,2.0101,0.995,-2.0,42.0,"Spread 0.50%, Liquiditaet 14 USD"
2026-09-28T09:52:55.524283+02:00,KAUF,4991253,Exact Score: CD Cobresal 2 - 5 CD Universidad de Concepción?,2.0101,0.995,-2.0,40.0,"Spread 0.50%, Liquiditaet 13 USD"
2026-09-28T09:52:55.524283+02:00,KAUF,5047448,Exact Score: CDP Junior FC 0 - 1 Internacional de Bogotá?,2.0101,0.995,-2.0,38.0,"Spread 0.50%, Liquiditaet 14 USD"
2026-09-28T09:52:55.524283+02:00,KAUF,5023507,Exact Score: Aurora FC 2 - 2 CSD Xelajú MC?,2.0101,0.995,-2.0,36.0,"Spread 0.50%, Liquiditaet 14 USD"
2026-09-28T09:52:55.524283+02:00,KAUF,5046496,Exact Score: CR Vasco da Gama 3 - 1 Clube do Remo?,2.0101,0.995,-2.0,34.0,"Spread 0.50%, Liquiditaet 13 USD"
2026-09-28T09:52:55.524283+02:00,KAUF,5065612,Exact Score: Real Sociedad de Fútbol 5 - 4 RC Deportivo A Coruña?,2.0101,0.995,-2.0,32.0,"Spread 0.50%, Liquiditaet 20 USD"
2026-09-28T09:52:55.524283+02:00,KAUF,5047451,Exact Score: CDP Junior FC 1 - 0 Internacional de Bogotá?,2.0101,0.995,-2.0,30.0,"Spread 0.50%, Liquiditaet 14 USD"
2026-09-28T09:52:55.524283+02:00,KAUF,5040091,Exact Score: CF América 0 - 1 CF Monterrey?,2.0101,0.995,-2.0,28.0,"Spread 0.50%, Liquiditaet 15 USD"
2026-09-28T09:52:55.524283+02:00,KAUF,5036665,Exact Score: Inter Miami CF 4 - 1 D.C. United SC?,2.0101,0.995,-2.0,26.0,"Spread 0.50%, Liquiditaet 13 USD"
2026-09-28T09:52:55.524283+02:00,KAUF,5042937,Exact Score: CA Aldosivi 0 - 0 CA Sarmiento?,2.0101,0.995,-2.0,24.0,"Spread 0.50%, Liquiditaet 5 USD"
2026-09-28T09:52:55.524283+02:00,KAUF,5025358,Exact Score: AFC Fylde 5 - 5 Scunthorpe United FC?,2.0101,0.995,-2.0,22.0,"Spread 0.50%, Liquiditaet 9 USD"
2026-09-28T09:52:55.524283+02:00,KAUF,5046433,Exact Score: CD Oriente Petrolero 2 - 2 Club ABB?,2.0101,0.995,-2.0,20.0,"Spread 0.50%, Liquiditaet 12 USD"
2026-09-28T09:52:55.524283+02:00,KAUF,5065540,Exact Score: FC Andorra 4 - 0 CD Castellón?,2.0101,0.995,-2.0,18.0,"Spread 0.50%, Liquiditaet 14 USD"
2026-09-28T09:52:55.524283+02:00,KAUF,5047020,Exact Score: Club Universitario de Deportes 0 - 4 FBC Melgar?,2.0101,0.995,-2.0,16.0,"Spread 0.50%, Liquiditaet 9 USD"
2026-09-28T09:52:55.524283+02:00,KAUF,5065891,Exact Score: Real Racing Club 4 - 1 Valencia CF?,2.0101,0.995,-2.0,14.0,"Spread 0.50%, Liquiditaet 14 USD"
2026-09-28T09:52:55.524283+02:00,KAUF,5037341,Exact Score: Gaziantep FK 3 - 5 Çorum FK?,2.0101,0.995,-2.0,12.0,"Spread 0.50%, Liquiditaet 11 USD"
2026-09-28T09:52:55.524283+02:00,KAUF,5046665,Exact Score: FCV Farul Constanţa 1 - 3 FC Petrolul Ploieşti?,2.0101,0.995,-2.0,10.0,"Spread 0.50%, Liquiditaet 12 USD"
2026-09-28T09:52:55.524283+02:00,KAUF,5044059,Exact Score: Rio Ave FC 3 - 2 CD Nacional?,2.0101,0.995,-2.0,8.0,"Spread 0.50%, Liquiditaet 9 USD"
2026-09-28T09:52:55.524283+02:00,KAUF,5048138,Exact Score: Abha Saudi Club 5 - 4 Al Faisaly Saudi Club?,2.0101,0.995,-2.0,6.0,"Spread 0.50%, Liquiditaet 5 USD"
2026-09-28T09:52:55.524283+02:00,KAUF,5065759,Exact Score: UD Almería 4 - 5 CD Leganés?,2.0101,0.995,-2.0,4.0,"Spread 0.50%, Liquiditaet 5 USD"
2026-09-28T09:52:55.524283+02:00,KAUF,5065607,Exact Score: Real Sociedad de Fútbol 4 - 5 RC Deportivo A Coruña?,2.0101,0.995,-2.0,2.0,"Spread 0.50%, Liquiditaet 5 USD"
2026-09-28T09:52:55.524283+02:00,KAUF,5065725,Exact Score: Real Betis Balompié 0 - 5 CA Osasuna?,2.0101,0.995,-2.0,0.0,"Spread 0.50%, Liquiditaet 3 USD"
2026-09-28T10:05:22.550814+02:00,VERKAUF,4721382,Bosnia and Herzegovina vs. Sweden: Both Teams to Score,2.0101,1.0,2.0101,2.0101,Konvergenz erreicht (Kurs 1.000)
2026-09-28T10:05:22.550814+02:00,VERKAUF,4691035,Seattle Sounders FC vs. Sporting Kansas City: Both Teams to Score in Second Half,2.0101,1.0,2.0101,4.0201,Konvergenz erreicht (Kurs 1.000)
2026-09-28T10:05:22.550814+02:00,VERKAUF,5065502,RC Deportivo A Coruña to win the second half?,2.0101,1.0,2.0101,6.0302,Konvergenz erreicht (Kurs 1.000)
2026-09-28T10:05:22.550814+02:00,VERKAUF,3207541,FC Universitatea Cluj to win the second half?,2.0101,1.0,2.0101,8.0402,Konvergenz erreicht (Kurs 1.000)
2026-09-28T10:05:22.550814+02:00,VERKAUF,4283651,CSD Municipal leading at halftime?,2.0101,1.0,2.0101,10.0503,Konvergenz erreicht (Kurs 1.000)
2026-09-28T10:05:22.550814+02:00,VERKAUF,5027338,Exact Score: FC Košice 3 - 2 KFC Komárno?,2.0101,1.0,2.0101,12.0603,Konvergenz erreicht (Kurs 1.000)
2026-09-28T10:05:22.550814+02:00,VERKAUF,4995287,Exact Score: FC Goa 5 - 0 Chennaiyin FC?,2.0101,1.0,2.0101,14.0704,Konvergenz erreicht (Kurs 1.000)
2026-09-28T10:05:22.550814+02:00,VERKAUF,5046433,Exact Score: CD Oriente Petrolero 2 - 2 Club ABB?,2.0101,1.0,2.0101,16.0804,Konvergenz erreicht (Kurs 1.000)
2026-09-28T10:05:22.550814+02:00,VERKAUF,5065759,Exact Score: UD Almería 4 - 5 CD Leganés?,2.0101,1.0,2.0101,18.0905,Konvergenz erreicht (Kurs 1.000)
2026-09-28T10:05:22.550814+02:00,KAUF,5011148,Will the lowest temperature in Jinan be 15°C on September 28?,2.0202,0.995,-2.0101,16.0804,"Spread 0.50%, Liquiditaet 10 USD"
2026-09-28T10:05:22.550814+02:00,KAUF,4593703,Will Chronicle have the highest ACS at VALORANT Champions 2026?,2.173,0.925,-2.0101,14.0704,"Spread 7.50%, Liquiditaet 641 USD"
2026-09-28T10:05:22.550814+02:00,KAUF,4963513,Will NVIDIA (NVDA) close at >$250 on the final day of trading of the week of Sep 28 – Oct 2?,2.0202,0.995,-2.0101,12.0603,"Spread 0.50%, Liquiditaet 1209 USD"
2026-09-28T10:05:22.550814+02:00,KAUF,4993587,Exact Score: FK Bodø/Glimt 5 - 4 Kristiansund BK?,2.0304,0.99,-2.0101,10.0503,"Spread 1.00%, Liquiditaet 17 USD"
2026-09-28T10:05:22.550814+02:00,KAUF,5009484,Exact Score: Sunderland AFC 2 - 3 Brighton & Hove Albion FC?,2.0202,0.995,-2.0101,8.0402,"Spread 0.50%, Liquiditaet 740 USD"
2026-09-28T10:05:22.550814+02:00,KAUF,4748298,Will the match end in a draw?,2.0202,0.995,-2.0101,6.0302,"Spread 0.50%, Liquiditaet 96 USD"
2026-09-28T10:05:22.550814+02:00,KAUF,4961392,Exact Score: Shenzhen Xinpengcheng FC 2 - 3 Henan FC?,2.0202,0.995,-2.0101,4.0201,"Spread 0.50%, Liquiditaet 15 USD"
2026-09-28T10:05:22.550814+02:00,KAUF,5018405,Exact Score: Cambridge United FC 5 - 0 Blackpool FC?,2.0202,0.995,-2.0101,2.0101,"Spread 0.50%, Liquiditaet 15 USD"
2026-09-28T10:05:22.550814+02:00,KAUF,5046585,Exact Score: EC Juventude 5 - 5 São Bernardo FC?,2.0202,0.995,-2.0101,0.0,"Spread 0.50%, Liquiditaet 3 USD"
2026-09-28T11:29:11.942274+02:00,VERKAUF,4622511,Seychelles vs. Sri Lanka: Both Teams to Score in Second Half,2.0101,1.0,2.0101,2.0101,Konvergenz erreicht (Kurs 1.000)
2026-09-28T11:29:11.942274+02:00,VERKAUF,5030938,Exact Score: Danubio FC 5 - 0 Cerro Largo FC?,2.0202,1.0,2.0202,4.0303,Konvergenz erreicht (Kurs 1.000)
2026-09-28T11:29:11.942274+02:00,VERKAUF,5060495,Rhyne Howard: Points O/U 19.5,2.0101,1.0,2.0101,6.0403,Konvergenz erreicht (Kurs 1.000)
2026-09-28T11:29:11.942274+02:00,VERKAUF,4720783,Exact Score: Faroe Islands 1 - 1 Slovakia?,2.0101,1.0,2.0101,8.0504,Konvergenz erreicht (Kurs 1.000)
2026-09-28T11:29:11.942274+02:00,VERKAUF,5026501,FC Halifax Town vs. Gateshead FC: Both Teams to Score,2.0101,1.0,2.0101,10.0604,Konvergenz erreicht (Kurs 1.000)
2026-09-28T11:29:11.942274+02:00,VERKAUF,4955875,Exact Score: Fortaleza FC 4 - 4 Millonarios FC?,2.0101,1.0,2.0101,12.0705,Konvergenz erreicht (Kurs 1.000)
2026-09-28T11:29:11.942274+02:00,VERKAUF,4956121,Exact Score: Fluminense FC 1 - 4 Coritiba FBC?,2.0101,1.0,2.0101,14.0805,Konvergenz erreicht (Kurs 1.000)
2026-09-28T11:29:11.942274+02:00,VERKAUF,4955835,Exact Score: FC Corvinul 1921 Hunedoara 4 - 4 FC Voluntari?,2.0101,1.0,2.0101,16.0906,Konvergenz erreicht (Kurs 1.000)
2026-09-28T11:29:11.942274+02:00,VERKAUF,5042951,Exact Score: CA Aldosivi 4 - 0 CA Sarmiento?,2.0101,1.0,2.0101,18.1006,Konvergenz erreicht (Kurs 1.000)
2026-09-28T11:29:11.942274+02:00,VERKAUF,4991343,Exact Score: CD Garcilaso 5 - 3 CS Huancayo?,2.0101,1.0,2.0101,20.1107,Konvergenz erreicht (Kurs 1.000)
2026-09-28T11:29:11.942274+02:00,VERKAUF,4844667,Will Magnus Carlsen finish in the Top 3 of Titled Tuesday on September 29?,2.0101,1.0,2.0101,22.1207,Konvergenz erreicht (Kurs 1.000)
2026-09-28T11:29:11.942274+02:00,VERKAUF,5021133,Exact Score: Heart of Midlothian FC 3 - 2 St Mirren FC?,2.0101,1.0,2.0101,24.1308,Konvergenz erreicht (Kurs 1.000)
2026-09-28T11:29:11.942274+02:00,VERKAUF,4991253,Exact Score: CD Cobresal 2 - 5 CD Universidad de Concepción?,2.0101,1.0,2.0101,26.1408,Konvergenz erreicht (Kurs 1.000)
2026-09-28T11:29:11.942274+02:00,VERKAUF,5065612,Exact Score: Real Sociedad de Fútbol 5 - 4 RC Deportivo A Coruña?,2.0101,1.0,2.0101,28.1509,Konvergenz erreicht (Kurs 1.000)
2026-09-28T11:29:11.942274+02:00,VERKAUF,5065540,Exact Score: FC Andorra 4 - 0 CD Castellón?,2.0101,1.0,2.0101,30.1609,Konvergenz erreicht (Kurs 1.000)
2026-09-28T11:29:11.942274+02:00,VERKAUF,5037341,Exact Score: Gaziantep FK 3 - 5 Çorum FK?,2.0101,1.0,2.0101,32.171,Konvergenz erreicht (Kurs 1.000)
2026-09-28T11:29:11.942274+02:00,VERKAUF,5046665,Exact Score: FCV Farul Constanţa 1 - 3 FC Petrolul Ploieşti?,2.0101,1.0,2.0101,34.181,Konvergenz erreicht (Kurs 1.000)
2026-09-28T11:29:11.942274+02:00,VERKAUF,5011148,Will the lowest temperature in Jinan be 15°C on September 28?,2.0202,1.0,2.0202,36.2012,Konvergenz erreicht (Kurs 1.000)
2026-09-28T11:29:11.942274+02:00,VERKAUF,4593703,Will Chronicle have the highest ACS at VALORANT Champions 2026?,2.173,1.0,2.173,38.3742,Konvergenz erreicht (Kurs 1.000)
2026-09-28T11:29:11.942274+02:00,VERKAUF,4963513,Will NVIDIA (NVDA) close at >$250 on the final day of trading of the week of Sep 28 – Oct 2?,2.0202,1.0,2.0202,40.3943,Konvergenz erreicht (Kurs 1.000)
2026-09-28T11:29:11.942274+02:00,VERKAUF,4993587,Exact Score: FK Bodø/Glimt 5 - 4 Kristiansund BK?,2.0304,1.0,2.0304,42.4247,Konvergenz erreicht (Kurs 1.000)
2026-09-28T11:29:11.942274+02:00,VERKAUF,5009484,Exact Score: Sunderland AFC 2 - 3 Brighton & Hove Albion FC?,2.0202,1.0,2.0202,44.4448,Konvergenz erreicht (Kurs 1.000)
2026-09-28T11:29:11.942274+02:00,VERKAUF,4748298,Will the match end in a draw?,2.0202,1.0,2.0202,46.465,Konvergenz erreicht (Kurs 1.000)
2026-09-28T11:29:11.942274+02:00,VERKAUF,4961392,Exact Score: Shenzhen Xinpengcheng FC 2 - 3 Henan FC?,2.0202,1.0,2.0202,48.4851,Konvergenz erreicht (Kurs 1.000)
2026-09-28T11:29:11.942274+02:00,VERKAUF,5018405,Exact Score: Cambridge United FC 5 - 0 Blackpool FC?,2.0202,1.0,2.0202,50.5053,Konvergenz erreicht (Kurs 1.000)
2026-09-28T11:29:11.942274+02:00,KAUF,5055744,Game 1: Both Teams Destroy Inhibitors?,2.0304,0.995,-2.0202,48.4851,"Spread 0.50%, Liquiditaet 3 USD"
2026-09-28T11:29:11.942274+02:00,KAUF,4757297,Will United States win on 2026-10-03?,2.072,0.975,-2.0202,46.4649,"Spread 2.50%, Liquiditaet 184 USD"
2026-09-28T11:29:11.942274+02:00,KAUF,4611242,Woking FC vs. Solihull Moors FC: Neither team to score first?,2.0304,0.995,-2.0202,44.4447,"Spread 0.50%, Liquiditaet 1010 USD"
2026-09-28T11:29:11.942274+02:00,KAUF,4679099,Denmark vs. Portugal: Neither team to score first?,2.0304,0.995,-2.0202,42.4244,"Spread 0.50%, Liquiditaet 988 USD"
2026-09-28T11:29:11.942274+02:00,KAUF,3401701,Will Derrick Henry be the highest-scoring FLEX of the 2026-27 NFL season?,2.3088,0.875,-2.0202,40.4042,"Spread 12.50%, Liquiditaet 27 USD"
2026-09-28T11:29:11.942274+02:00,KAUF,3400211,Will Kyren Williams be the highest-scoring fantasy football player of the 2026-27 NFL season?,2.2827,0.885,-2.0202,38.384,"Spread 11.50%, Liquiditaet 27 USD"
2026-09-28T11:29:11.942274+02:00,KAUF,4765474,Exact Score: CA Newell's Old Boys 3 - 0 CA Lanús?,2.0304,0.995,-2.0202,36.3638,"Spread 0.50%, Liquiditaet 11 USD"
2026-09-28T11:29:11.942274+02:00,KAUF,5037462,Exact Score: CA Boston River 4 - 4 CA Juventud de Las Piedras?,2.0304,0.995,-2.0202,34.3436,"Spread 0.50%, Liquiditaet 14 USD"
2026-09-28T11:29:11.942274+02:00,KAUF,4763700,Auriense CA to win the second half?,2.0304,0.995,-2.0202,32.3234,"Spread 0.50%, Liquiditaet 6 USD"
2026-09-28T11:29:11.942274+02:00,KAUF,5009896,Exact Score: 1. FSV Mainz 05 0 - 0 Bayer 04 Leverkusen?,2.0304,0.995,-2.0202,30.3032,"Spread 0.50%, Liquiditaet 136 USD"
2026-09-28T11:29:11.942274+02:00,KAUF,5013378,Aston Villa FC vs. Brentford FC: Both Teams to Score in Second Half,2.0304,0.995,-2.0202,28.283,"Spread 0.50%, Liquiditaet 89 USD"
2026-09-28T11:29:11.942274+02:00,KAUF,4844745,Will Benjamin Bok finish in the Top 5 of Titled Tuesday on September 29?,2.0304,0.995,-2.0202,26.2628,"Spread 0.50%, Liquiditaet 222 USD"
2026-09-28T11:29:11.942274+02:00,KAUF,4961706,Exact Score: Gangwon FC 5 - 1 Bucheon FC 1995?,2.0304,0.995,-2.0202,24.2425,"Spread 0.50%, Liquiditaet 12 USD"
2026-09-28T11:29:11.942274+02:00,KAUF,4952493,Exact Score: FK Rostov 0 - 1 FK Akron Tolyatti?,2.0304,0.995,-2.0202,22.2223,"Spread 0.50%, Liquiditaet 14 USD"
2026-09-28T11:29:11.942274+02:00,KAUF,3207566,FC CFR 1907 Cluj vs. FC Universitatea Cluj: Neither team to score first?,2.0304,0.995,-2.0202,20.2021,"Spread 0.50%, Liquiditaet 5 USD"
2026-09-28T11:29:11.942274+02:00,KAUF,5043014,Exact Score: Gimnasia y Esgrima de La Plata 5 - 4 CA Tucumán?,2.0304,0.995,-2.0202,18.1819,"Spread 0.50%, Liquiditaet 10 USD"
2026-09-28T11:29:11.942274+02:00,KAUF,4988642,Exact Score: CS Marítimo 4 - 0 FC Porto?,2.0304,0.995,-2.0202,16.1617,"Spread 0.50%, Liquiditaet 16 USD"
2026-09-28T11:29:11.942274+02:00,KAUF,4986416,Exact Score: Gençlerbirliği SK 0 - 2 Amed Sportif?,2.0304,0.995,-2.0202,14.1415,"Spread 0.50%, Liquiditaet 13 USD"
2026-09-28T11:29:11.942274+02:00,KAUF,4986525,Exact Score: Samsunspor 5 - 0 Trabzonspor?,2.0304,0.995,-2.0202,12.1213,"Spread 0.50%, Liquiditaet 12 USD"
2026-09-28T11:29:11.942274+02:00,KAUF,4991386,Exact Score: AD Tarma 1 - 0 FC Cajamarca?,2.0304,0.995,-2.0202,10.1011,"Spread 0.50%, Liquiditaet 13 USD"
2026-09-28T11:29:11.942274+02:00,KAUF,5067244,Exact Score: Escorpiones de Belén 3 - 0 Deportivo Saprissa?,2.0304,0.995,-2.0202,8.0808,"Spread 0.50%, Liquiditaet 15 USD"
2026-09-28T11:29:11.942274+02:00,KAUF,5069169,Exact Score: FSK Bukovyna Chernivtsi 5 - 3 FK Polissia?,2.0304,0.995,-2.0202,6.0606,"Spread 0.50%, Liquiditaet 12 USD"
2026-09-28T11:29:11.942274+02:00,KAUF,4227545,Will Justin Bowick be the 2026 Big 12 Receiving Yards Leader?,2.0304,0.995,-2.0202,4.0404,"Spread 0.50%, Liquiditaet 5 USD"
2026-09-28T11:29:11.942274+02:00,KAUF,4228316,Will Sedrick Alexander be the 2026 SEC Rushing TDs Leader?,2.0304,0.995,-2.0202,2.0202,"Spread 0.50%, Liquiditaet 5 USD"
