timestamp,kasse,positionswert,nav,rendite_pct,offene_positionen,terminierungswert,diskontierter_terminierungswert,diskontierte_rendite_pct
2026-09-27T14:55:14.167226+02:00,100.0,0,100.0,0.0,0,,,
2026-09-27T15:40:26.773699+02:00,100.0,0,100.0,0.0,0,,,
2026-09-27T18:20:20.703043+02:00,100.0,0,100.0,0.0,0,,,
2026-09-27T21:49:45.305727+02:00,100.0,0,100.0,0.0,0,,,
2026-09-28T00:47:13.188721+02:00,100.0,0,100.0,0.0,0,,,
2026-09-28T03:22:38.263482+02:00,100.0,0,100.0,0.0,0,,,
2026-09-28T09:16:53.703979+02:00,94.2692,5.7308,100.0,0.0,1,,,
2026-09-28T09:44:17.093437+02:00,100.4631,0,100.4631,0.463,0,,,
2026-09-28T09:52:55.524283+02:00,100.4631,0,100.4631,0.463,0,,,
2026-09-28T10:05:22.550814+02:00,75.5551,24.908,100.4631,0.463,4,,,
2026-09-28T11:29:11.942274+02:00,72.9298,28.5922,101.522,1.522,5,102.4126,102.3631,2.363
2026-09-28T17:44:48.949767+02:00,97.4241,4.8043,102.2284,2.228,2,102.2769,102.2728,2.273
2026-09-28T18:00:04.467960+02:00,97.4241,4.8043,102.2284,2.228,2,102.2769,102.2728,2.273
2026-09-28T23:24:34.469429+02:00,94.413,7.8154,102.2284,2.228,3,102.6562,102.643,2.643
2026-09-28T23:44:05.828205+02:00,97.7747,4.8043,102.5789,2.579,2,102.6275,102.6235,2.623
2026-09-29T03:08:21.685529+02:00,97.7747,4.8043,102.5789,2.579,2,102.6275,102.6235,2.623
2026-09-29T03:17:04.107925+02:00,97.7747,4.8043,102.5789,2.579,2,102.6275,102.6235,2.623
2026-09-29T08:53:46.424174+02:00,97.7747,4.8043,102.5789,2.579,2,102.6275,102.6236,2.624
2026-09-29T15:42:33.636409+02:00,97.7747,4.8043,102.5789,2.579,2,102.6275,102.6236,2.624
2026-09-29T15:52:06.187360+02:00,97.7747,4.8043,102.5789,2.579,2,102.6275,102.6236,2.624
2026-09-29T20:53:05.805023+02:00,89.3296,13.2869,102.6164,2.616,1,105.1969,105.186,5.186
2026-09-30T00:46:17.127907+02:00,104.9334,0,104.9334,4.933,0,104.9334,104.9334,4.933
2026-09-30T00:49:36.463813+02:00,50.4426,54.4908,104.9334,4.933,2,111.1312,111.0919,11.092
2026-09-30T03:37:45.195528+02:00,110.1767,0,110.1767,10.177,0,110.1767,110.1767,10.177
2026-09-30T03:49:06.663259+02:00,110.1767,0,110.1767,10.177,0,110.1767,110.1767,10.177
2026-09-30T09:54:33.227960+02:00,110.1767,0,110.1767,10.177,0,110.1767,110.1767,10.177
2026-09-30T16:34:55.494544+02:00,24.4912,85.6855,110.1767,10.177,1,110.2626,110.2429,10.243
2026-09-30T20:49:37.821389+02:00,109.4881,0,109.4881,9.488,0,109.4881,109.4881,9.488
2026-09-30T21:38:27.436094+02:00,105.0587,4.4294,109.4881,9.488,1,110.4132,110.3998,10.4
2026-10-01T00:39:41.467519+02:00,110.3487,0,110.3487,10.349,0,110.3487,110.3487,10.349
