Frage,Slug,Erster Treffer,Letzter Treffer,Geschaetzte Dauer unter Schwelle,Min. Summe beobachtet,Zeit bis Terminierung,Max. Volumen (USD),Max. Liquiditaet (USD)
Will Michael Saylor appear on the UpOnly podcast by December 31?,will-michael-saylor-appear-on-the-uponly-podcast-by-december-31-572,2026-09-13 06:55,2026-09-27 13:47,45min,1.0,95d 16h 8min,181.98,10.95
Exact Score: Cuiabá EC 3 - 2 AA Ponte Preta?,bra2-cui-pop-2026-10-03-exact-score-3-2,2026-09-27 12:33,2026-09-27 13:47,30min,0.995,6d 8h 8min,0.0,13.82
Exact Score: Shanghai Shenhua FC 3 - 1 Yunnan Yukun FC?,chi-sgr-yun-2026-10-10-exact-score-3-1,2026-09-27 12:33,2026-09-27 13:47,30min,0.995,12d 23h 43min,0.0,14.32
Exact Score: Russia 5 - 3 Namibia?,fif-rus-nam-2026-10-03-exact-score-5-3,2026-09-27 12:33,2026-09-27 13:47,30min,0.995,6d 3h 8min,0.0,15.46
Exact Score: CD San Antonio Bulo Bulo 5 - 3 CD Real Tomayapo?,bol1-ant-tom-2026-10-09-exact-score-5-3,2026-09-27 12:33,2026-09-27 13:47,30min,0.995,12d 7h 8min,0.0,13.94
Game 1: Any Player Rampage?,dota2-z10-dawnbu-2026-09-13-game1-any-player-rampage,2026-09-27 12:33,2026-09-27 13:47,30min,0.5,-6d 14h 51min,10.0,0.0
Game 2: Both Teams Beat Roshan?,dota2-z10-dawnbu-2026-09-13-game2-both-teams-beat-roshan,2026-09-27 12:33,2026-09-27 13:47,30min,0.5,-6d 14h 51min,0.0,0.0
Exact Score: FK Fakel Voronezh 4 - 0 FK Lokomotiv Moskva?,rus-fak-lok-2026-10-10-exact-score-4-0,2026-09-27 12:33,2026-09-27 13:47,30min,0.995,13d 23min,0.0,11.33
Exact Score: FC Botoşani 2 - 3 FC UTA Arad?,rou1-fcb-fua-2026-10-10-exact-score-2-3,2026-09-27 12:33,2026-09-27 13:47,30min,0.995,13d 2h 23min,0.0,13.64
Game 1: Any Player Ultra Kill?,dota2-xctn-rnx-2026-06-21-game1-any-player-ultra-kill,2026-09-27 12:33,2026-09-27 13:47,30min,0.995,-97d 23h 51min,0.0,0.0
Exact Score: Avispa Fukuoka 5 - 2 Fagiano Okayama?,jap-avi-fag-2026-10-10-exact-score-5-2,2026-09-27 12:33,2026-09-27 13:47,30min,0.995,12d 18h 8min,0.0,15.46
Kyrgyz Republic vs. Lebanon: Both Teams to Score in Second Half,fif-kyr-lib-2026-10-04-btts-second-half,2026-09-27 12:33,2026-09-27 13:47,30min,0.995,7d 2h 8min,0.0,70.92
Will Ian Machado Garry become UFC champion in 2026?,will-ian-machado-garry-become-ufc-champion-in-2026,2026-09-21 00:36,2026-09-23 03:27,30min,1.0,95d 16h 7min,2402.47,638.33
Exact Margin: Tie,cfb-sjst-hawaii-2026-10-04-exact-margin-tie,2026-09-27 12:33,2026-09-27 13:47,30min,0.995,6d 16h 8min,0.0,0.0
Will Frank Ocean release an album in 2026?,will-frank-ocean-release-an-album-in-2026,2026-09-16 23:25,2026-09-18 00:54,30min,0.995,95d 19h 7min,4868.01,94.11
Banks O'Dee FC to score first vs. Kirkintilloch Rob Roy FC?,scoc-kir-dee-2026-10-03-first-to-score-away,2026-09-27 12:33,2026-09-27 13:47,30min,0.995,6d 2h 8min,0.0,5.72
Will Nihal Sarin finish in the Top 5 of Titled Tuesday on September 29?,titled-tuesday-2026-09-29-top5-nihal-sarin,2026-09-27 12:33,2026-09-27 13:47,30min,0.99,16d 16h 7min,0.0,40.0
Bengals vs. Steelers: Highest Scoring Quarter - Q3,nfl-cin-pit-2026-09-27-highest-scoring-quarter-q3,2026-09-27 12:33,2026-09-27 13:47,30min,0.995,5h 8min,0.0,0.5
Exact Score: Córdoba CF 1 - 3 CD Tenerife?,es2-cor-cdt-2026-10-05-exact-score-1-3,2026-09-27 12:33,2026-09-27 13:47,30min,0.995,8d 6h 38min,0.0,13.97
Exact Score: Musselburgh Athletic FC 2 - 3 Lossiemouth FC?,scoc-mus-lf-2026-10-03-exact-score-2-3,2026-09-27 12:33,2026-09-27 13:47,30min,0.995,6d 2h 8min,9.0,14.35
Exact Score: Plymouth Argyle FC 2 - 4 AFC Wimbledon?,el1-ply-wim-2026-10-10-exact-score-2-4,2026-09-27 12:33,2026-09-27 13:47,30min,0.995,12d 23h 38min,0.0,5.12
Will HNK Hajduk Split finish 9th in the 2026-27 Croatian HNL?,will-hnk-hajduk-split-finish-9th-in-croatian-hnl-2026-27,2026-09-27 12:33,2026-09-27 13:47,30min,0.995,276d 16h 7min,0.0,2.8
Will Jan-Krzysztof Duda finish in the Top 8 of Titled Tuesday on September 29?,titled-tuesday-2026-09-29-top8-jan-krzysztof-duda,2026-09-27 12:33,2026-09-27 13:47,30min,0.99,16d 16h 7min,0.0,40.0
Exact Score: SC Paderborn 07 5 - 4 VfB Stuttgart?,bun-scp-stu-2026-10-10-exact-score-5-4,2026-09-27 12:33,2026-09-27 13:47,30min,0.995,13d 1h 38min,9.99,14.07
Exact Score: Cúcuta Deportivo FC 3 - 0 Deportivo Pereira?,col1-cdf-dep-2026-10-04-exact-score-3-0,2026-09-27 12:33,2026-09-27 13:47,30min,0.995,7d 9h 13min,0.0,7.16
Exact Score: Júbilo Iwata 4 - 1 Hokkaidō Consadole Sapporo?,ja2-jub-con-2026-10-10-exact-score-4-1,2026-09-27 12:33,2026-09-27 13:47,30min,0.995,12d 21h 8min,0.0,16.04
Will SpaceX (SPCX) finish week of September 28 above $140?,spcx-above-140-on-october-2-2026,2026-09-27 12:33,2026-09-27 12:33,15min,0.995,5d 8h 8min,0.0,562.12
Will Bhayshul Tuten finish Week 3 of the 2026-27 NFL regular season with the most rushing yards?,will-bhayshul-tuten-finish-week-3-of-the-2026-27-nfl-regular-season-with-the-most-rushing-yards,2026-09-27 12:33,2026-09-27 12:33,15min,0.995,1d 17h 7min,0.0,7.74
Game 1: Both Teams Slay Baron Nashor?,lol-cpd-fue-2026-10-06-game1-both-teams-slay-baron,2026-09-27 12:33,2026-09-27 12:33,15min,0.995,9d 12h 8min,0.0,2.72
Exact Score: Fortaleza FC 5 - 4 Millonarios FC?,col1-foc-mif-2026-10-08-exact-score-5-4,2026-09-27 12:33,2026-09-27 12:33,15min,0.995,11d 13h 18min,0.0,11.61
Exact Score: Qingdao Hainiu FC 4 - 2 Beijing Guoan FC?,chi-hai-bgu-2026-10-09-exact-score-4-2,2026-09-27 13:47,2026-09-27 13:47,15min,0.995,11d 23h 43min,0.0,13.44
Will Jahmyr Gibbs finish Week 3 of the 2026-27 NFL regular season with the most rushing yards?,will-jahmyr-gibbs-finish-week-3-of-the-2026-27-nfl-regular-season-with-the-most-rushing-yards,2026-09-27 13:47,2026-09-27 13:47,15min,0.995,1d 17h 7min,0.0,9.89
Will the Democrats win the Oklahoma Senate race in 2026?,will-the-democrats-win-the-oklahoma-senate-race-in-2026,2026-09-18 07:51,2026-09-18 07:51,15min,1.0,-,6581.66,14512.39
Hoedd IL vs. Odds BK: Both Teams to Score in Second Half,nor2-hod-odd-2026-10-03-btts-second-half,2026-09-27 13:47,2026-09-27 13:47,15min,0.995,6d 2h 8min,0.0,61.91
Exact Score: FC Augsburg 3 - 4 FC Bayern München?,bun-aug-bay-2026-10-10-exact-score-3-4,2026-09-27 12:33,2026-09-27 12:33,15min,0.995,13d 1h 38min,0.0,105.77
Exact Score: CSD Suchitepéquez 3 - 1 CSD Mixco?,gtm-suc-mix-2026-10-10-exact-score-3-1,2026-09-27 13:47,2026-09-27 13:47,15min,0.995,13d 11h 8min,0.0,13.86
Exact Score: Aurora FC 2 - 0 CSD Xelajú MC?,gtm-aur-xel-2026-10-10-exact-score-2-0,2026-09-27 12:33,2026-09-27 12:33,15min,0.995,13d 9h 8min,0.0,9.92
Exact Score: Port Vale FC 5 - 0 Grimsby Town FC?,el2-pvl-gri-2026-10-10-exact-score-5-0,2026-09-27 12:33,2026-09-27 12:33,15min,0.995,13d 2h 8min,0.0,8.84
Exact Score: FK Chornomorets Odesa 3 - 3 FK Kharkiv?,ukr1-fco-met-2026-10-10-exact-score-3-3,2026-09-27 12:33,2026-09-27 12:33,15min,0.995,12d 22h 8min,0.0,8.64
"M25 Slobozia, Qualifying: Completed Match: Matei Florin Breazu vs Luca Frunza",itf-breazu1-frunza1-2026-09-27-completed-match,2026-09-27 12:33,2026-09-27 12:33,15min,0.995,6d 23h 10min,400.0,2.6
Exact Score: FC Lorient 2 - 4 Paris FC?,fl1-lor-pfc-2026-10-10-exact-score-2-4,2026-09-27 12:33,2026-09-27 12:33,15min,0.995,13d 6h 53min,0.0,13.44
Exact Score: Sunderland AFC 4 - 3 Brighton & Hove Albion FC?,epl-sun-bri-2026-10-10-exact-score-4-3,2026-09-27 12:33,2026-09-27 12:33,15min,0.995,13d 2h 8min,0.0,140.99
Exact Score: Alanyaspor 4 - 3 Erzurumspor FK?,tur-ala-erz-2026-10-10-exact-score-4-3,2026-09-27 12:33,2026-09-27 12:33,15min,0.995,13d 1h 8min,0.0,8.43
Texas Rangers vs. Minnesota Twins: 8th inning tied?,mlb-tex-min-2026-09-27-inning-8-winner-draw,2026-09-27 12:33,2026-09-27 12:33,15min,0.745,7h 18min,0.0,85.16
Exact Score: Shanghai Shenhua FC 4 - 2 Yunnan Yukun FC?,chi-sgr-yun-2026-10-10-exact-score-4-2,2026-09-27 12:33,2026-09-27 12:33,15min,0.995,12d 23h 43min,0.0,14.29
Miami Marlins to win the 2nd inning?,mlb-atl-mia-2026-09-27-inning-2-winner-home,2026-09-27 13:47,2026-09-27 13:47,15min,0.995,7h 18min,0.0,610.41
Comunicaciones FC vs. CSD Suchitepéquez: Draw at halftime?,gtm-com-suc-2026-10-04-halftime-result-draw,2026-09-27 13:47,2026-09-27 13:47,15min,0.995,7d 13h 8min,0.0,104.57
Exact Score: FC Adhyaksa Bekasi 4 - 2 PSMS Medan?,idn2-adb-psm-2026-09-27-exact-score-4-2,2026-09-27 13:47,2026-09-27 13:47,15min,0.995,8min,0.0,6.91
Exact Score: Club Puebla 0 - 2 Club León FC?,mex-pue-leo-2026-10-09-exact-score-0-2,2026-09-27 13:47,2026-09-27 13:47,15min,0.995,12d 13h 8min,0.0,13.73
Exact Score: FC Adhyaksa Bekasi 5 - 1 PSMS Medan?,idn2-adb-psm-2026-09-27-exact-score-5-1,2026-09-27 13:47,2026-09-27 13:47,15min,0.995,8min,0.0,5.0
Exact Score: Cádiz CF 2 - 1 CD Leganés?,es2-cad-leg-2026-10-03-exact-score-2-1,2026-09-27 12:33,2026-09-27 12:33,15min,0.995,6d 4h 38min,0.0,5.39
Exact Score: Haddington Athletic FC 1 - 0 Cumbernauld Colts FC?,scoc-had-cmb-2026-10-03-exact-score-1-0,2026-09-27 12:33,2026-09-27 12:33,15min,0.995,6d 2h 8min,0.0,15.24
Will Colombe Cahen-Salvador be the next Secretary General of the United Nations?,will-colombe-cahen-salvador-be-the-next-secretary-general-of-the-united-nations,2026-09-12 06:55,2026-09-12 06:55,15min,1.0,-211d 12h 51min,2679.11,222.28
Will Kamaru Usman become UFC champion in 2026?,will-kamaru-usman-become-ufc-champion-in-2026,2026-09-15 02:50,2026-09-15 02:50,15min,1.0,95d 16h 7min,6430.47,536.92
Will Aljamain Sterling become UFC champion in 2026?,will-aljamain-sterling-become-ufc-champion-in-2026,2026-09-19 23:17,2026-09-19 23:17,15min,0.995,95d 16h 7min,216.43,229.71
Will the Democratic Party win the TX-18 House seat?,will-the-democratic-party-win-the-tx-18-house-seat,2026-09-26 00:46,2026-09-26 00:46,15min,0.998,38d 16h 7min,14611.67,16263.28
Will the average monthly Ethereum gas price hit 10 Gwei before 2027?,will-the-average-monthly-ethereum-gas-price-hit-10-gwei-before-2027,2026-09-17 01:43,2026-09-17 01:43,15min,0.995,95d 16h 8min,1750.84,100.66
Variational FDV above $5B one day after launch?,variational-fdv-above-5b-one-day-after-launch-995-724-585,2026-09-22 03:55,2026-09-22 03:55,15min,1.0,460d 16h 8min,86492.98,20899.36
Will Trump's approval rating hit 50% in 2026?,will-trumps-approval-rating-hit-50-in-2026,2026-09-17 01:43,2026-09-17 01:43,15min,1.0,95d 16h 7min,1131.14,1774.04
Will Trump's approval rating hit 44% in 2026?,will-trumps-approval-rating-hit-44-in-2026,2026-09-25 00:43,2026-09-25 00:43,15min,1.0,99d 4h 8min,3546.88,983.69
Will Donald Trump visit Oklahoma in 2026?,will-donald-trump-visit-oklahoma-in-2026,2026-09-25 00:43,2026-09-25 00:43,15min,0.995,96d 16h 7min,138.88,53.66
Will Alexander Bublik Qualify for the Nitto ATP Finals 2026?,will-alexander-bublik-qualify-for-the-nitto-atp-finals-2026-20260728191143814,2026-09-27 13:47,2026-09-27 13:47,15min,1.0,-,205.85,70.41
"Will Bitcoin reach $200,000 by December 31, 2026?",will-bitcoin-reach-200000-by-december-31-2026-752-232-389,2026-09-25 02:55,2026-09-25 02:55,15min,1.0,95d 16h 8min,2072339.62,122620.7
Will Robert F. Kennedy Jr. announce a presidential run before 2027?,will-robert-f-kennedy-jr-announce-a-presidential-run-before-2027,2026-09-07 00:21,2026-09-07 00:21,15min,1.0,95d 16h 7min,16239.4,14526.37
Will Elon Musk announce a presidential run before 2027?,will-elon-musk-announce-a-presidential-run-before-2027,2026-09-20 22:25,2026-09-20 22:25,15min,1.0,95d 16h 7min,9687.57,8593.55
Will Oprah Winfrey announce a Presidential run before 2027?,will-oprah-winfrey-announce-a-presidential-run-before-2027,2026-09-10 22:01,2026-09-10 22:01,15min,1.0,95d 16h 7min,17092.53,9494.87
Will Jack Doherty be sentenced to less than 2 years in prison?,will-jack-doherty-be-sentenced-to-less-than-2-years-in-prison,2026-09-09 02:41,2026-09-09 02:41,15min,1.0,33d 11h 8min,3394.09,360.19
Will a dLLM be the top AI model before 2027?,will-a-dllm-be-the-top-ai-model-before-2027,2026-09-17 22:17,2026-09-17 22:17,15min,1.0,95d 16h 7min,3374.61,480.32
Will FLING win the most seats in the 2025 Guinea-Bissau National People’s Assembly election?,will-fling-win-the-most-seats-in-the-2025-guinea-bissau-national-peoples-assembly-election,2026-09-15 02:50,2026-09-15 02:50,15min,1.0,-308d 12h 51min,12986.99,1271.71
"Will Jean Silva be the UFC Featherweight Champion on December 31, 2026?",will-jean-silva-be-the-ufc-featherweight-champion-on-december-31-2026,2026-09-25 02:55,2026-09-25 02:55,15min,1.0,95d 16h 7min,5097.89,630.8
Will Oregon Make the 2027 College Football Playoff National Championship Game?,will-oregon-make-the-2027-college-football-playoff-national-championship-game-20260803190747149,2026-09-27 13:47,2026-09-27 13:47,15min,0.985,-,50.0,577.92
Will Mamdani freeze NYC rents before 2027?,will-mamdani-freeze-nyc-rents-before-2027,2026-09-09 02:41,2026-09-09 02:41,15min,1.0,95d 16h 7min,287321.58,9244.52
Will sarolu win WSCI 2026 MVP?,will-sarolu-win-wsci-2026-mvp,2026-09-27 12:33,2026-09-27 12:33,15min,0.998,19d 16h 7min,36.8,8.55
Exact Score: Cayman Islands 1 - 1 Puerto Rico?,conl-cay-pur-2026-10-01-exact-score-1-1,2026-09-27 12:33,2026-09-27 12:33,15min,0.995,4d 12h 8min,0.0,12.85
Exact Score: Korea Republic 1 - 0 Venezuela?,fif-kr-ven-2026-10-02-exact-score-1-0,2026-09-27 12:33,2026-09-27 12:33,15min,0.995,4d 23h 8min,0.0,12.82
Exact Score: Any Other Score?,unl-esp-hrv-2026-09-29-exact-score-any-other,2026-09-27 12:33,2026-09-27 12:33,15min,0.995,2d 6h 53min,0.0,180.42
Exact Score: Any Other Score?,unl-swe-pol-2026-09-28-exact-score-any-other,2026-09-27 12:33,2026-09-27 12:33,15min,0.995,1d 6h 53min,0.0,448.48
Exact Score: Any Other Score?,unl-arm-mon-2026-09-28-exact-score-any-other,2026-09-27 12:33,2026-09-27 12:33,15min,0.995,1d 4h 8min,0.0,281.24
Will Roma finish top 8 in UCL league phase?,will-roma-finish-top-8-in-ucl-league-phase,2026-09-27 12:33,2026-09-27 12:33,15min,0.995,154d 11h 7min,0.0,14.17
Exact Score: Any Other Score?,bra2-crb-cui-2026-09-27-exact-score-any-other,2026-09-27 12:33,2026-09-27 12:33,15min,0.915,7h 8min,0.0,451.72
Will Panathinaikos score the most goals in the UECL league phase?,will-panathinaikos-score-the-most-goals-in-the-uecl-league-phase,2026-09-27 13:47,2026-09-27 13:47,15min,0.995,126d 11h 7min,0.0,8.85
Will Louisville make College Football Playoff Semifinals?,will-louisville-make-college-football-playoff-semifinals-20260803204732756,2026-09-27 12:33,2026-09-27 12:33,15min,0.995,123d 16h 7min,0.0,2015.04
Will DeVonta Smith have 75.5+ receptions in the 2026-27 NFL regular season?,devonta-smith-75pt5-receptions-2026-27,2026-09-27 13:47,2026-09-27 13:47,15min,0.995,107d 11h 7min,0.0,3.92
Will Chris Olave have 75.5+ receptions in the 2026-27 NFL regular season?,chris-olave-75pt5-receptions-2026-27,2026-09-27 12:33,2026-09-27 12:33,15min,0.995,107d 11h 7min,0.0,3.76
Will Internacional finish 3rd in the 2026 Brazil Série A?,will-internacional-finish-3rd-in-brazil-serie-a-2026,2026-09-27 13:47,2026-09-27 13:47,15min,0.995,95d 16h 7min,0.0,14.48
Will Estrela da Amadora finish 15th in the 2026-27 Primeira Liga?,will-estrela-da-amadora-finish-15th-in-primeira-liga-2026-27,2026-09-27 12:33,2026-09-27 12:33,15min,0.995,276d 16h 7min,0.0,1.81
Will Fiorentina qualify for the 2027-28 UEFA Conference League?,will-fiorentina-qualify-for-the-2027-28-uefa-conference-league,2026-09-27 12:33,2026-09-27 12:33,15min,0.985,260d 16h 7min,0.0,96.45
Will Inter Milan qualify for the 2027-28 UEFA Europa League?,will-inter-milan-qualify-for-the-2027-28-uefa-europa-league,2026-09-27 12:33,2026-09-27 12:33,15min,1.0,260d 16h 7min,41.65,522.08
Will Universidad Católica be runner-up in the 2026 LigaPro Serie A (Ecuador)?,2026-soccer-ligapro-serie-a-ecuador-runner-up-universidad-catlica,2026-09-27 12:33,2026-09-27 12:33,15min,0.995,95d 16h 7min,0.0,5.73
Exact Score: CSD Suchitepéquez 5 - 0 CSD Mixco?,gtm-suc-mix-2026-10-10-exact-score-5-0,2026-09-27 13:47,2026-09-27 13:47,15min,0.995,13d 11h 8min,0.0,14.91
